                  epoch,           train/box_om,           train/cls_om,           train/dfl_om,           train/box_oo,           train/cls_oo,           train/dfl_oo,   metrics/precision(B),      metrics/recall(B),       metrics/mAP50(B),    metrics/mAP50-95(B),             val/box_om,             val/cls_om,             val/dfl_om,             val/box_oo,             val/cls_oo,             val/dfl_oo,                 lr/pg0,                 lr/pg1,                 lr/pg2
                      1,                 4.5326,                 21.342,                 2.7182,                 1.8236,                 24.557,                 1.1311,                      0,                      0,                      0,                      0,                 4.0194,                 27.684,                 2.3442,                 1.0302,                  25.27,                0.60978,               0.070268,              0.0033036,              0.0033036
                      2,                 4.6217,                 11.435,                 2.7587,                 1.8631,                 10.818,                 1.1537,                      0,                      0,                      0,                      0,                 4.3279,                 14.486,                 2.5795,                 2.1216,                 11.168,                 1.5851,               0.040235,              0.0066041,              0.0066041
                      3,                 5.2759,                 7.3483,                 3.0264,                 1.7525,                 5.1012,                 1.0549,                      0,                      0,                      0,                      0,                 6.5132,                 8.7755,                  3.443,                 1.2234,                 5.2886,                0.75202,               0.010169,              0.0098715,              0.0098715
                      4,                 5.5124,                  5.818,                 2.9028,                 1.5099,                 2.9498,                0.86977,                      0,                      0,                      0,                      0,                  6.273,                 6.0921,                 3.0416,                 4.4263,                 5.8091,                 3.9678,              0.0098515,              0.0098515,              0.0098515
                      5,                 5.0603,                  5.159,                 2.6876,                 3.4199,                 3.8569,                 1.7673,                      0,                      0,                      0,                      0,                0.02042,                0.18075,                 0.0273,                0.91523,                 1.0844,                0.77871,              0.0098515,              0.0098515,              0.0098515
                      6,                 4.8402,                 4.7371,                 2.4759,                 5.0837,                 5.2688,                 2.5247,                      0,                      0,                      0,                      0,                0.20585,                0.81911,                 0.1468,                  5.052,                  6.523,                 3.9608,               0.009802,               0.009802,               0.009802
                      7,                 4.7488,                 4.2922,                 2.3294,                 4.6158,                 4.8255,                 2.3011,                      0,                      0,                      0,                      0,                0.01408,                 0.4171,                0.01165,                0.00295,                0.14372,                0.00215,              0.0097525,              0.0097525,              0.0097525
                      8,                 4.5987,                 3.9371,                 2.2183,                 4.3112,                 4.3012,                 2.0564,                0.00084,                 0.0416,                0.00085,                0.00025,                 4.2207,                 3.7387,                  2.106,                 4.0772,                   4.09,                 2.0147,               0.009703,               0.009703,               0.009703
                      9,                 4.0526,                 3.5182,                 1.9679,                 3.9835,                  3.798,                 1.8633,                0.00084,                 0.0416,                0.00085,                0.00025,                 4.8154,                 4.6894,                 2.3918,                    5.3,                 7.5647,                 2.9446,              0.0096535,              0.0096535,              0.0096535
                     10,                 3.6807,                 3.3095,                 1.7889,                 3.4839,                   3.54,                 1.6592,                0.00453,                0.16136,                0.00736,                0.00191,                 3.1277,                 3.3396,                 1.7078,                 3.2288,                 3.7456,                 1.6664,               0.009604,               0.009604,               0.009604
                     11,                 3.2671,                  3.009,                 1.6187,                 3.0619,                 3.1886,                 1.5096,                0.08949,                0.09725,                0.06641,                0.02077,                 2.6827,                 2.8994,                 1.5059,                 2.5083,                  3.028,                 1.3975,              0.0095545,              0.0095545,              0.0095545
                     12,                 2.9906,                  2.761,                 1.5217,                 2.7931,                 2.9023,                 1.4195,                0.36957,                0.10151,                0.08749,                0.03312,                 2.4631,                 2.6008,                 1.4576,                 2.1996,                  2.682,                 1.3295,               0.009505,               0.009505,               0.009505
                     13,                 2.7372,                 2.5696,                 1.4598,                 2.5873,                 2.6897,                 1.3504,                0.36219,                0.10973,                0.08381,                0.03216,                 2.6237,                 2.5831,                 1.4761,                 2.3809,                 2.7245,                 1.3519,              0.0094555,              0.0094555,              0.0094555
                     14,                 2.5655,                 2.3707,                 1.3501,                 2.4508,                 2.4872,                 1.2477,                0.39487,                0.19392,                0.15621,                0.05961,                 2.1641,                 2.1106,                 1.2915,                 2.0926,                 2.2381,                 1.2185,               0.009406,               0.009406,               0.009406
                     15,                 2.4206,                 2.1579,                 1.2844,                 2.2724,                 2.2515,                 1.1868,                0.72883,                0.21408,                 0.2337,                0.11218,                 1.9346,                 1.8583,                 1.2236,                 1.7509,                 1.8853,                 1.1334,              0.0093565,              0.0093565,              0.0093565
                     16,                 2.2993,                 2.0875,                 1.2749,                  2.152,                 2.1987,                 1.1631,                0.48099,                0.21533,                0.22028,                0.09836,                 2.0119,                 1.9066,                  1.253,                 1.8713,                 1.9509,                 1.1666,               0.009307,               0.009307,               0.009307
                     17,                 2.1522,                 1.8569,                 1.2241,                 2.0572,                 1.9689,                 1.1262,                 0.4681,                0.32345,                0.26885,                0.12853,                 1.9928,                 1.6846,                 1.2212,                 1.7421,                  1.703,                 1.1104,              0.0092575,              0.0092575,              0.0092575
                     18,                 2.0688,                  1.811,                 1.2189,                 1.9862,                 1.9097,                 1.1314,                0.51402,                0.08867,                0.18247,                0.06763,                 2.6454,                 2.4858,                 1.3665,                 2.3278,                 2.5564,                 1.2691,               0.009208,               0.009208,               0.009208
                     19,                 1.9924,                 1.7159,                 1.1819,                 1.8791,                 1.8244,                 1.1016,                0.76114,                0.11869,                0.17457,                0.06202,                 2.6206,                 2.3502,                 1.3281,                 2.4752,                 2.3998,                 1.2766,              0.0091585,              0.0091585,              0.0091585
                     20,                 1.9257,                 1.6374,                 1.1457,                 1.8422,                 1.7371,                 1.0801,                0.51289,                0.27321,                0.28015,                0.13417,                 1.8908,                  1.659,                 1.1868,                 1.7216,                 1.7099,                  1.101,               0.009109,               0.009109,               0.009109
                     21,                 1.8796,                 1.5767,                 1.1275,                 1.8014,                 1.6607,                 1.0703,                0.49508,                0.27447,                0.27288,                0.15152,                 1.6789,                 1.6235,                 1.1334,                 1.5519,                  1.671,                 1.0695,              0.0090595,              0.0090595,              0.0090595
                     22,                 1.7805,                 1.5016,                 1.1115,                 1.7117,                 1.5913,                 1.0506,                0.58293,                 0.3469,                0.37917,                 0.2214,                 1.5812,                 1.2423,                 1.0644,                 1.4302,                 1.1941,                 1.0068,                0.00901,                0.00901,                0.00901
                     23,                 1.6948,                 1.4157,                 1.0694,                 1.6707,                 1.5005,                 1.0239,                0.61068,                0.36045,                0.40176,                0.25891,                 1.3856,                  1.166,                   1.02,                 1.2719,                 1.1238,                0.97511,              0.0089605,              0.0089605,              0.0089605
                     24,                 1.6321,                 1.3591,                  1.047,                 1.6284,                 1.4329,                  1.006,                0.61795,                0.33852,                 0.4131,                0.26454,                  1.323,                 1.1057,                 1.0074,                 1.2844,                  1.087,                0.97089,               0.008911,               0.008911,               0.008911
                     25,                 1.6267,                  1.326,                 1.0502,                 1.6139,                 1.4299,                 1.0066,                0.34708,                0.33348,                0.37948,                0.22823,                 1.5339,                 1.2575,                  1.045,                  1.429,                 1.3134,                 1.0025,              0.0088615,              0.0088615,              0.0088615
                     26,                 1.5725,                 1.2992,                 1.0527,                 1.5592,                 1.3694,                 1.0008,                0.62403,                0.37312,                0.41882,                0.26646,                  1.291,                 1.1129,                 0.9873,                  1.272,                 1.1403,                0.94952,               0.008812,               0.008812,               0.008812
                     27,                 1.4885,                 1.2396,                 1.0161,                  1.503,                 1.3442,                0.97698,                0.53218,                0.02743,                0.04076,                0.02113,                 2.4211,                 3.7226,                 1.3879,                 2.3788,                 4.0699,                 1.3849,              0.0087625,              0.0087625,              0.0087625
                     28,                 1.4985,                 1.2182,                 1.0022,                 1.5307,                 1.3223,                0.97033,                0.61186,                0.43807,                0.43726,                0.29141,                 1.2289,                 1.0408,                 0.9732,                 1.2065,                 1.0354,                0.94069,               0.008713,               0.008713,               0.008713
                     29,                 1.4425,                 1.1703,                 1.0041,                 1.4552,                  1.255,                 0.9685,                0.36278,                0.46597,                0.45759,                0.30104,                 1.3482,                0.98937,                0.96861,                 1.2005,                0.94349,                0.92094,              0.0086635,              0.0086635,              0.0086635
                     30,                 1.4191,                 1.1536,                0.99183,                 1.4637,                 1.2445,                0.95693,                0.66413,                0.39047,                0.44394,                0.30037,                 1.2107,                 1.1673,                0.96802,                 1.2013,                 1.1051,                0.93323,               0.008614,               0.008614,               0.008614
                     31,                 1.3473,                 1.0661,                0.96849,                 1.3638,                 1.1539,                0.93842,                0.65765,                0.49032,                 0.4735,                0.32831,                 1.2166,                0.94198,                0.95381,                 1.0956,                 0.9192,                0.90738,              0.0085645,              0.0085645,              0.0085645
                     32,                 1.3231,                  1.077,                0.96559,                 1.3249,                 1.1571,                0.92639,                0.67707,                0.47989,                0.48463,                0.33986,                 1.1593,                  1.079,                 0.9422,                 1.1173,                 1.0103,                0.90696,               0.008515,               0.008515,               0.008515
                     33,                 1.2532,                 1.0192,                0.96538,                 1.2762,                 1.0803,                0.93104,                 0.6854,                0.51116,                0.49882,                0.34302,                 1.1108,                0.90526,                0.92811,                 1.1111,                0.89138,                0.89178,              0.0084655,              0.0084655,              0.0084655
                     34,                 1.2662,                 1.0264,                0.96314,                 1.3103,                 1.1128,                0.92935,                0.42879,                0.51895,                0.50407,                0.35204,                 1.1561,                0.98368,                0.94216,                 1.0784,                0.94782,                0.89606,               0.008416,               0.008416,               0.008416
                     35,                 1.2836,                 1.0092,                0.95325,                 1.3324,                 1.0696,                0.92463,                0.45712,                0.54622,                0.51619,                0.35745,                 1.0995,                 0.9345,                0.93112,                 1.1243,                0.91095,                0.90375,              0.0083665,              0.0083665,              0.0083665
                     36,                 1.2923,                 0.9835,                0.94298,                 1.3107,                 1.0428,                 0.9152,                0.52246,                0.59116,                0.56182,                0.38161,                 1.1254,                0.87339,                0.91992,                 1.1039,                0.81086,                0.89118,               0.008317,               0.008317,               0.008317
                     37,                 1.2183,                0.94945,                 0.9331,                  1.251,                  1.005,                0.90692,                0.76497,                0.54535,                0.58741,                 0.4105,                 1.0079,                0.78539,                0.89978,                 1.0335,                0.75266,                0.86855,              0.0082675,              0.0082675,              0.0082675
                     38,                 1.2082,                0.92998,                0.93969,                 1.2656,                0.98484,                0.91509,                0.75837,                0.59938,                0.63953,                0.46538,                0.95825,                0.77595,                0.89139,                0.94687,                0.68255,                0.85803,               0.008218,               0.008218,               0.008218
                     39,                 1.2198,                0.91533,                0.92351,                  1.273,                0.93497,                0.90464,                 0.8364,                0.54762,                0.65617,                0.48302,                0.93002,                0.73818,                0.88891,                 0.8972,                0.66244,                  0.861,              0.0081685,              0.0081685,              0.0081685
                     40,                 1.1559,                0.88073,                0.92353,                  1.178,                0.90005,                0.89704,                0.83367,                0.54647,                0.63413,                 0.4575,                0.99246,                0.77008,                0.89636,                0.97576,                0.71812,                0.86685,               0.008119,               0.008119,               0.008119
                     41,                 1.1603,                0.87912,                0.90782,                 1.2252,                 0.9105,                 0.8842,                0.61327,                0.58017,                0.65267,                0.44338,                 1.1131,                 0.9268,                  0.902,                 1.1152,                0.82687,                0.87537,              0.0080695,              0.0080695,              0.0080695
                     42,                 1.1304,                0.88748,                0.91693,                 1.2001,                0.90425,                 0.8975,                0.77246,                0.66361,                0.74688,                0.54695,                0.91759,                0.71712,                0.87491,                0.89845,                0.61478,                0.84786,                0.00802,                0.00802,                0.00802
                     43,                 1.1051,                0.84857,                 0.9119,                 1.1641,                0.87186,                0.89354,                0.75253,                0.57167,                0.67949,                0.49027,                 1.0237,                0.87548,                0.89343,                 1.0035,                0.79367,                0.87072,              0.0079705,              0.0079705,              0.0079705
                     44,                 1.1405,                0.85461,                0.90801,                 1.2048,                0.89176,                0.89114,                0.74864,                0.72008,                0.78823,                0.56401,                0.89479,                0.69032,                0.86627,                0.91249,                0.59818,                0.84429,               0.007921,               0.007921,               0.007921
                     45,                 1.1171,                0.83524,                0.90623,                 1.1552,                0.84803,                0.89004,                0.77234,                0.75727,                0.82222,                0.59866,                0.92458,                0.68302,                0.86502,                0.90046,                0.56366,                0.83807,              0.0078715,              0.0078715,              0.0078715
                     46,                 1.0742,                0.79857,                0.88771,                 1.1426,                0.81103,                0.87271,                 0.7588,                0.78875,                0.81457,                0.57407,                 1.0388,                0.72047,                0.87572,                0.97811,                0.60672,                  0.847,               0.007822,               0.007822,               0.007822
                     47,                 1.0337,                0.79769,                0.90032,                 1.0603,                0.79344,                0.87963,                0.80416,                0.74706,                0.81796,                0.58844,                0.91369,                0.69052,                0.87069,                0.90318,                0.56702,                0.84395,              0.0077725,              0.0077725,              0.0077725
                     48,                 1.0775,                0.78108,                0.89083,                 1.1207,                 0.7864,                0.87464,                0.86747,                0.76159,                0.86158,                0.64538,                0.84434,                0.63502,                0.85836,                0.84464,                 0.5187,                0.83667,               0.007723,               0.007723,               0.007723
                     49,                 1.0244,                0.76037,                0.88734,                 1.0703,                0.73591,                0.86901,                0.86061,                 0.7901,                0.86837,                0.64013,                0.87535,                0.64801,                0.85635,                0.89453,                0.53534,                 0.8383,              0.0076735,              0.0076735,              0.0076735
                     50,                 1.0378,                0.77183,                0.89662,                  1.099,                0.76692,                0.88018,                0.89058,                0.77712,                0.85936,                0.64642,                0.86546,                0.62102,                0.85704,                0.86456,                 0.5114,                0.83203,               0.007624,               0.007624,               0.007624
                     51,                 1.0205,                0.76585,                0.88863,                 1.0758,                0.77096,                0.87176,                0.87692,                0.78286,                0.86561,                0.65943,                0.81922,                0.61773,                0.85208,                0.80949,                 0.4988,                0.82942,              0.0075745,              0.0075745,              0.0075745
                     52,                 1.0294,                0.73402,                 0.8795,                 1.0688,                0.71507,                0.86751,                0.86477,                0.75293,                0.86348,                0.63671,                0.91512,                0.63386,                0.85881,                0.93339,                0.52531,                0.83671,               0.007525,               0.007525,               0.007525
                     53,                 1.0098,                0.73668,                0.88628,                 1.0701,                0.71766,                 0.8741,                 0.8377,                0.77991,                0.86687,                0.65488,                0.87739,                0.62228,                0.85384,                0.86564,                0.50679,                0.83387,              0.0074755,              0.0074755,              0.0074755
                     54,                 1.0151,                0.72811,                0.88802,                  1.067,                0.72181,                0.87575,                 0.8385,                0.78065,                0.86425,                0.65761,                  0.829,                0.60958,                0.84724,                0.85698,                0.49252,                0.83392,               0.007426,               0.007426,               0.007426
                     55,                 1.0003,                0.72681,                 0.8758,                 1.0622,                0.70285,                0.86179,                0.83143,                0.81448,                0.89983,                0.68619,                0.80984,                0.60129,                0.85106,                0.83959,                 0.4679,                0.83479,              0.0073765,              0.0073765,              0.0073765
                     56,                0.99644,                 0.7294,                0.88643,                 1.0729,                0.73131,                0.87231,                0.76766,                 0.7952,                0.87722,                 0.6557,                0.88346,                0.61272,                0.85639,                0.87657,                 0.4836,                0.83775,               0.007327,               0.007327,               0.007327
                     57,                0.96833,                0.70273,                0.87907,                 1.0149,                0.68914,                0.86475,                0.78819,                0.82148,                 0.8876,                0.66256,                0.83837,                0.63444,                0.85255,                0.85571,                0.52376,                0.83738,              0.0072775,              0.0072775,              0.0072775
                     58,                0.98921,                0.69449,                0.87633,                 1.0553,                 0.6838,                0.86431,                0.73173,                0.86481,                0.88473,                0.69343,                0.82838,                0.58935,                0.84858,                 0.7923,                0.47434,                0.83232,               0.007228,               0.007228,               0.007228
                     59,                0.95858,                0.70087,                0.87004,                 1.0237,                0.67565,                 0.8607,                0.86265,                0.83928,                0.90542,                0.69926,                0.75818,                0.56382,                0.84041,                0.77985,                0.44494,                 0.8271,              0.0071785,              0.0071785,              0.0071785
                     60,                0.97229,                0.70373,                0.87145,                 1.0478,                 0.6808,                 0.8635,                0.87799,                0.75487,                 0.8839,                0.66685,                0.90535,                0.65068,                0.85622,                0.86369,                0.49834,                0.83635,               0.007129,               0.007129,               0.007129
                     61,                0.95216,                0.69585,                0.87259,                0.99689,                0.66666,                0.85767,                0.82993,                0.84878,                0.90705,                0.69558,                0.83501,                 0.5912,                0.84748,                0.83366,                0.46287,                0.82682,              0.0070795,              0.0070795,              0.0070795
                     62,                0.93914,                0.68374,                0.87696,                0.99017,                0.64512,                0.86303,                0.79812,                0.80076,                0.88406,                0.65004,                0.85553,                0.65789,                0.85145,                0.86057,                 0.5035,                0.83379,                0.00703,                0.00703,                0.00703
                     63,                0.96602,                0.68313,                0.87369,                 1.0264,                0.66801,                0.85984,                0.86274,                0.84071,                0.91507,                0.70416,                0.78755,                0.56312,                0.83736,                0.79518,                0.44162,                0.81888,              0.0069805,              0.0069805,              0.0069805
                     64,                0.94428,                 0.6665,                0.87166,                0.97658,                0.63385,                 0.8596,                0.80915,                0.89404,                0.91462,                0.73179,                0.76669,                 0.5483,                0.83649,                0.77688,                0.42632,                0.81924,               0.006931,               0.006931,               0.006931
                     65,                0.91666,                0.65472,                0.86073,                0.96774,                0.62883,                0.85097,                0.83646,                0.88725,                0.92872,                0.70626,                0.85162,                0.56964,                0.84592,                0.87826,                0.44828,                 0.8287,              0.0068815,              0.0068815,              0.0068815
                     66,                0.90576,                0.63141,                0.86638,                 0.9812,                0.59547,                0.85615,                 0.9026,                0.86748,                0.93091,                0.72227,                0.82436,                0.55464,                0.83985,                0.81505,                0.41667,                0.82009,               0.006832,               0.006832,               0.006832
                     67,                0.89244,                0.62674,                0.86383,                 0.9574,                0.57682,                0.85375,                0.86195,                0.84633,                0.93449,                0.74434,                0.77558,                0.56038,                0.83972,                0.77882,                0.42337,                0.82298,              0.0067825,              0.0067825,              0.0067825
                     68,                0.91048,                0.64049,                0.86544,                0.96921,                0.60398,                0.85158,                0.86081,                0.86582,                0.92152,                0.72663,                0.78068,                0.54004,                0.83642,                0.79022,                0.41403,                0.81859,               0.006733,               0.006733,               0.006733
                     69,                0.92504,                 0.6469,                0.85693,                0.98179,                 0.6113,                0.84795,                0.89477,                0.84874,                0.93645,                0.74188,                0.75014,                 0.5265,                0.83413,                0.76798,                0.40188,                 0.8168,              0.0066835,              0.0066835,              0.0066835
                     70,                0.91541,                0.64581,                0.86573,                0.99584,                 0.6094,                0.85616,                 0.8586,                0.89929,                0.92641,                0.74556,                0.77261,                0.53142,                0.83564,                0.76025,                0.39874,                0.81887,               0.006634,               0.006634,               0.006634
                     71,                0.87667,                0.63128,                0.86131,                0.93275,                0.58141,                0.85108,                0.85275,                0.80235,                 0.9074,                0.71668,                0.78245,                0.56856,                0.83955,                0.75693,                0.43554,                0.82308,              0.0065845,              0.0065845,              0.0065845
                     72,                0.90785,                0.63386,                0.85595,                0.96656,                0.59188,                0.84506,                0.90815,                0.87426,                   0.94,                0.75443,                0.71349,                0.50554,                0.82883,                0.70661,                0.38702,                0.81203,               0.006535,               0.006535,               0.006535
                     73,                0.87399,                0.60728,                0.85194,                0.93853,                0.56711,                0.84517,                 0.8834,                0.84641,                0.89935,                0.70303,                0.75163,                0.54046,                0.83214,                0.76269,                0.41504,                 0.8122,              0.0064855,              0.0064855,              0.0064855
                     74,                0.87122,                0.60277,                0.85813,                0.94283,                0.56168,                 0.8514,                 0.8929,                0.88434,                0.94311,                0.76973,                0.70549,                0.49256,                0.83136,                0.74148,                0.36229,                0.81583,               0.006436,               0.006436,               0.006436
                     75,                0.87034,                0.60646,                0.85217,                0.93726,                0.56457,                0.84477,                0.87437,                0.86956,                0.94229,                0.76231,                0.73071,                0.50513,                0.83365,                0.73768,                0.37864,                0.81776,              0.0063865,              0.0063865,              0.0063865
                     76,                0.87617,                0.64023,                0.85431,                0.92891,                0.58718,                0.84739,                0.91205,                0.87407,                 0.9552,                0.76916,                0.70749,                0.49911,                 0.8276,                0.74162,                0.37288,                0.81879,               0.006337,               0.006337,               0.006337
                     77,                0.87131,                0.60904,                0.84638,                0.93018,                0.56791,                0.83982,                0.69672,                0.77598,                0.83769,                0.63945,                0.85676,                0.74753,                0.84668,                0.87093,                0.61981,                0.83575,              0.0062875,              0.0062875,              0.0062875
                     78,                0.85403,                0.59889,                0.84758,                0.92251,                0.55636,                0.83997,                0.84996,                0.89949,                0.93981,                0.75123,                0.74689,                0.50312,                0.83086,                0.74593,                0.37761,                0.81491,               0.006238,               0.006238,               0.006238
                     79,                0.86051,                0.60605,                0.85526,                0.91481,                0.56695,                0.84469,                0.88171,                0.87725,                0.94466,                 0.7439,                0.71464,                  0.501,                0.82683,                0.74215,                0.38428,                0.81332,              0.0061885,              0.0061885,              0.0061885
                     80,                0.86087,                0.60711,                0.84438,                 0.8967,                0.54332,                0.83445,                0.92071,                0.89355,                0.95699,                 0.7951,                0.68158,                0.48007,                0.82418,                0.68461,                 0.3495,                0.81063,               0.006139,               0.006139,               0.006139
                     81,                 0.8346,                0.59665,                0.85509,                0.89596,                0.55853,                0.85157,                0.93494,                0.84199,                0.95486,                 0.7733,                0.69398,                0.48346,                0.82531,                0.70156,                0.35921,                0.81204,              0.0060895,              0.0060895,              0.0060895
                     82,                0.85822,                0.58977,                0.84734,                0.90439,                0.54648,                0.83652,                0.91159,                0.83456,                0.91814,                0.73652,                0.72066,                0.49848,                0.82437,                0.72387,                0.36995,                0.80884,                0.00604,                0.00604,                0.00604
                     83,                 0.8367,                0.58829,                0.84833,                0.89638,                0.52997,                0.84121,                0.93471,                0.86036,                0.95927,                0.79827,                0.68616,                0.46994,                 0.8227,                0.69833,                0.33204,                0.80923,              0.0059905,              0.0059905,              0.0059905
                     84,                0.83915,                0.58398,                 0.8477,                0.89826,                0.53335,                0.83666,                0.88159,                0.87756,                0.94258,                0.76289,                0.72841,                  0.505,                0.82348,                0.75819,                0.37408,                0.80688,               0.005941,               0.005941,               0.005941
                     85,                0.84089,                0.59387,                0.84197,                0.91133,                0.55225,                0.83078,                0.93565,                0.81137,                0.92559,                0.74651,                0.70818,                0.48645,                0.82339,                0.72768,                0.35345,                0.80869,              0.0058915,              0.0058915,              0.0058915
                     86,                0.83002,                0.59415,                0.83887,                0.87671,                0.53322,                0.83109,                0.93918,                 0.8898,                0.95464,                0.79676,                0.67891,                0.46642,                0.82084,                0.69487,                0.33342,                0.80958,               0.005842,               0.005842,               0.005842
                     87,                0.83081,                0.57192,                0.83894,                0.88506,                0.51104,                0.83418,                0.87838,                 0.8554,                0.92655,                0.73913,                0.72899,                0.49192,                0.82463,                0.73666,                0.36984,                0.81417,              0.0057925,              0.0057925,              0.0057925
                     88,                0.80724,                 0.5612,                 0.8431,                0.86397,                 0.5073,                0.83391,                0.91651,                0.86873,                0.93579,                0.75072,                0.70403,                0.48295,                0.81801,                0.73221,                0.34972,                0.80753,               0.005743,               0.005743,               0.005743
                     89,                0.81292,                0.56509,                0.84788,                0.88321,                0.50988,                0.84272,                0.86501,                0.88088,                0.94318,                0.76483,                0.73918,                0.50256,                0.82702,                 0.7556,                 0.3814,                0.81338,              0.0056935,              0.0056935,              0.0056935
                     90,                0.85005,                0.57491,                0.83669,                0.91059,                0.51704,                0.83163,                0.88063,                0.81646,                0.91028,                 0.7305,                0.71385,                0.54325,                0.82192,                0.71879,                  0.422,                0.81209,               0.005644,               0.005644,               0.005644
                     91,                 0.8131,                0.54864,                0.84627,                0.87514,                0.49505,                0.84271,                0.92458,                 0.8337,                0.93867,                0.76883,                0.69786,                0.47423,                0.82167,                0.70294,                0.35494,                0.81086,              0.0055945,              0.0055945,              0.0055945
                     92,                0.81259,                0.54874,                0.83831,                0.87293,                0.50382,                0.83478,                0.93281,                 0.8792,                0.95304,                0.77775,                0.69672,                0.45261,                0.82122,                0.69562,                0.33261,                0.81115,               0.005545,               0.005545,               0.005545
                     93,                0.80683,                0.55383,                0.84132,                0.86527,                0.49459,                0.83645,                0.81673,                0.87881,                0.92377,                0.73772,                 0.7256,                0.49105,                0.82233,                0.72631,                0.36547,                0.81097,              0.0054955,              0.0054955,              0.0054955
                     94,                0.79525,                0.56456,                 0.8387,                0.85595,                0.49635,                 0.8324,                 0.8582,                 0.9316,                0.95888,                0.78564,                0.69426,                0.45406,                0.81722,                0.72047,                0.32683,                 0.8061,               0.005446,               0.005446,               0.005446
                     95,                0.80212,                0.56042,                0.83275,                0.88287,                0.51186,                0.82852,                0.95249,                0.85009,                0.94722,                0.77587,                0.67269,                0.44973,                0.81737,                0.69235,                 0.3225,                0.80402,              0.0053965,              0.0053965,              0.0053965
                     96,                0.81817,                0.54792,                0.83082,                0.87253,                0.49715,                0.82487,                0.91782,                0.91936,                0.96702,                0.79346,                0.68618,                0.44979,                0.81656,                0.68631,                0.31136,                0.80264,               0.005347,               0.005347,               0.005347
                     97,                0.79929,                0.55369,                0.82954,                0.85646,                0.48924,                0.82501,                0.91328,                0.91904,                0.97321,                0.80809,                0.67833,                0.44585,                0.81513,                0.70168,                0.31574,                0.80329,              0.0052975,              0.0052975,              0.0052975
                     98,                0.80885,                0.54652,                0.84022,                0.89761,                0.50687,                0.83582,                0.93283,                 0.8838,                 0.9559,                0.77799,                0.72231,                0.46922,                0.81716,                0.73078,                0.32492,                0.80346,               0.005248,               0.005248,               0.005248
                     99,                0.79384,                0.55355,                0.83344,                 0.8574,                0.50265,                0.82657,                0.92911,                0.92257,                0.96978,                0.79446,                0.66062,                 0.4436,                0.81465,                 0.6947,                0.31319,                0.80234,              0.0051985,              0.0051985,              0.0051985
                    100,                 0.7797,                0.54156,                0.83307,                0.84062,                0.46131,                0.83121,                0.89891,                0.89774,                0.95772,                0.80334,                0.66485,                0.43554,                0.81744,                0.68265,                0.30884,                 0.8079,               0.005149,               0.005149,               0.005149
                    101,                0.78377,                0.53591,                0.83625,                0.83906,                0.47002,                 0.8349,                0.94256,                0.87772,                 0.9567,                0.79573,                0.68247,                 0.4438,                0.81482,                0.68309,                0.30336,                0.80255,              0.0050995,              0.0050995,              0.0050995
                    102,                0.78255,                0.53416,                0.83185,                0.84307,                0.47164,                0.82723,                0.96927,                0.87351,                0.96789,                0.80287,                0.65178,                0.43379,                  0.814,                0.66031,                0.29364,                0.80272,                0.00505,                0.00505,                0.00505
                    103,                0.77718,                0.54962,                0.83651,                0.82424,                0.47141,                 0.8341,                0.94326,                0.95403,                0.97874,                0.81678,                0.67728,                0.44735,                0.81512,                0.66725,                0.29087,                0.80233,              0.0050005,              0.0050005,              0.0050005
                    104,                0.79385,                0.55037,                0.83596,                0.85483,                0.50139,                0.83327,                0.93574,                0.92192,                 0.9689,                0.79531,                0.65216,                0.43847,                0.81127,                0.66604,                0.29657,                0.80062,               0.004951,               0.004951,               0.004951
                    105,                0.77819,                0.53184,                0.83053,                0.83056,                0.46776,                0.82629,                0.95191,                0.90266,                0.96666,                0.80137,                0.66096,                0.42903,                0.81346,                0.66979,                0.29205,                0.80231,              0.0049015,              0.0049015,              0.0049015
                    106,                0.77215,                0.52355,                0.82996,                0.82372,                0.45458,                0.82231,                 0.9458,                0.90195,                 0.9717,                0.79457,                0.67624,                0.44631,                0.81296,                0.69337,                0.29429,                0.80031,               0.004852,               0.004852,               0.004852
                    107,                0.79045,                0.53391,                 0.8276,                 0.8511,                0.48124,                 0.8221,                0.88357,                0.93105,                0.96656,                  0.787,                0.68066,                0.44245,                0.81554,                0.68286,                0.30525,                0.80413,              0.0048025,              0.0048025,              0.0048025
                    108,                 0.7621,                 0.5259,                0.82615,                0.83057,                0.45972,                0.82378,                0.91274,                0.96115,                0.97948,                 0.8185,                0.64593,                0.42683,                0.81208,                0.65006,                0.28206,                 0.7984,               0.004753,               0.004753,               0.004753
                    109,                0.76085,                0.50633,                0.83068,                0.82273,                0.45063,                0.82506,                0.92384,                0.95052,                0.97782,                0.80654,                0.64407,                0.42247,                0.81293,                0.66564,                 0.2869,                 0.8013,              0.0047035,              0.0047035,              0.0047035
                    110,                0.76172,                0.51807,                0.82229,                0.81924,                0.45276,                0.81982,                0.93577,                 0.9228,                0.96967,                0.81794,                0.64322,                0.41667,                0.81123,                0.65355,                0.28215,                0.80015,               0.004654,               0.004654,               0.004654
                    111,                0.75669,                0.50622,                0.82457,                0.81458,                0.43379,                0.82102,                0.93756,                0.95107,                0.98215,                0.81257,                0.67134,                0.43039,                0.81545,                0.67065,                0.28678,                0.80127,              0.0046045,              0.0046045,              0.0046045
                    112,                0.76982,                0.52055,                0.82931,                  0.831,                0.44124,                0.82682,                 0.9372,                0.92647,                0.97503,                0.81794,                0.64638,                0.41587,                0.81196,                0.65868,                0.28081,                0.79949,               0.004555,               0.004555,               0.004555
                    113,                0.77316,                0.52546,                0.82888,                0.82447,                0.46749,                0.82023,                0.93885,                0.90711,                0.97497,                0.81914,                 0.6639,                0.42023,                 0.8128,                0.66008,                0.28831,                0.79689,              0.0045055,              0.0045055,              0.0045055
                    114,                0.75855,                0.50794,                 0.8365,                0.83848,                0.45552,                0.83201,                0.90569,                 0.9428,                 0.9696,                0.81747,                0.65055,                0.41226,                 0.8115,                0.63943,                0.27982,                 0.7986,               0.004456,               0.004456,               0.004456
                    115,                0.75243,                0.51627,                 0.8293,                0.81047,                0.45949,                0.82855,                 0.9327,                 0.9475,                0.97491,                0.80752,                0.64857,                0.42511,                0.80873,                0.66196,                0.28518,                0.79842,              0.0044065,              0.0044065,              0.0044065
                    116,                0.76101,                0.51104,                0.82801,                0.81486,                0.44001,                0.82466,                0.93837,                0.91697,                0.97502,                0.82055,                0.63701,                0.41035,                0.80928,                0.63556,                0.27361,                0.79724,               0.004357,               0.004357,               0.004357
                    117,                0.73294,                0.50217,                0.82063,                0.77667,                0.42905,                0.81695,                0.94427,                0.90623,                0.97009,                0.80893,                0.66876,                0.42613,                0.80933,                 0.6766,                0.29189,                0.79672,              0.0043075,              0.0043075,              0.0043075
                    118,                 0.7424,                0.49938,                0.82212,                0.79351,                 0.4339,                0.82081,                0.87234,                0.97773,                0.97572,                 0.8206,                0.62968,                 0.4037,                0.80832,                 0.6426,                0.27052,                0.79663,               0.004258,               0.004258,               0.004258
                    119,                0.76114,                0.51124,                0.82971,                0.81441,                0.43258,                0.82574,                0.92927,                0.94571,                0.96922,                 0.8166,                0.64306,                0.42236,                0.80839,                0.64869,                0.29377,                0.79622,              0.0042085,              0.0042085,              0.0042085
                    120,                0.74854,                0.49926,                0.82653,                0.80371,                0.42245,                0.82285,                0.91117,                0.92312,                0.97261,                0.79893,                 0.6667,                0.42393,                0.81121,                0.66866,                 0.2815,                0.79851,               0.004159,               0.004159,               0.004159
                    121,                0.72713,                0.49049,                0.82459,                0.78716,                0.42428,                0.82114,                0.95841,                0.93986,                 0.9824,                0.81575,                0.64519,                0.41207,                0.80898,                0.66129,                0.27733,                0.79623,              0.0041095,              0.0041095,              0.0041095
                    122,                0.72833,                0.48022,                 0.8212,                0.78737,                0.40653,                0.81701,                0.95568,                0.93894,                0.98341,                0.83166,                0.62956,                0.39928,                0.80777,                0.62929,                0.26153,                0.79477,                0.00406,                0.00406,                0.00406
                    123,                0.74572,                0.49461,                0.82212,                0.79654,                0.41659,                0.81839,                0.93505,                0.94394,                 0.9734,                  0.816,                0.66701,                0.42279,                0.80995,                0.65681,                0.26822,                0.79734,              0.0040105,              0.0040105,              0.0040105
                    124,                0.72823,                 0.4856,                0.82265,                0.78128,                0.40744,                0.81628,                0.90361,                0.94952,                0.97839,                0.82315,                0.65283,                 0.4111,                0.81189,                0.65124,                0.27384,                0.79865,               0.003961,               0.003961,               0.003961
                    125,                0.72731,                0.48692,                0.82648,                0.78331,                0.42166,                0.81812,                0.94971,                0.95683,                0.98189,                0.82224,                0.64381,                 0.4044,                0.81036,                0.64045,                0.26591,                0.79741,              0.0039115,              0.0039115,              0.0039115
                    126,                0.71842,                0.48584,                 0.8141,                0.77019,                0.41944,                0.81134,                0.96594,                0.91327,                0.96675,                0.81345,                0.63221,                0.40741,                0.80516,                0.63836,                0.26373,                0.79246,               0.003862,               0.003862,               0.003862
                    127,                0.74198,                0.49497,                0.82667,                0.79794,                0.42526,                0.82299,                0.92147,                 0.9523,                0.97431,                0.82255,                 0.6324,                 0.3938,                0.80666,                0.64038,                  0.254,                0.79498,              0.0038125,              0.0038125,              0.0038125
                    128,                0.72471,                0.47958,                0.82268,                 0.7857,                0.41622,                0.82095,                0.93761,                0.94758,                0.98023,                0.82714,                0.62716,                0.40572,                0.80619,                0.63187,                0.26661,                0.79398,               0.003763,               0.003763,               0.003763
                    129,                0.70563,                0.49656,                0.82654,                0.75233,                0.42983,                0.81807,                0.94274,                0.95399,                0.98011,                0.82596,                0.63279,                0.39709,                0.80786,                0.62971,                0.26949,                0.79361,              0.0037135,              0.0037135,              0.0037135
                    130,                0.73268,                 0.4999,                0.82491,                0.78846,                0.43461,                0.82054,                0.91959,                0.96936,                0.97978,                0.82439,                0.65069,                0.40054,                  0.807,                0.64881,                0.27156,                0.79349,               0.003664,               0.003664,               0.003664
                    131,                 0.7254,                0.49472,                0.82475,                0.77274,                0.40719,                0.82269,                0.94601,                0.94304,                0.98005,                0.82143,                0.63717,                0.40733,                0.80921,                 0.6352,                0.27336,                0.79625,              0.0036145,              0.0036145,              0.0036145
                    132,                0.71026,                 0.4744,                0.81503,                0.75377,                0.40342,                0.81196,                0.96358,                0.95053,                0.97969,                0.82613,                0.63104,                0.39227,                0.80619,                0.63125,                0.25796,                 0.7929,               0.003565,               0.003565,               0.003565
                    133,                0.72429,                 0.4828,                0.82542,                0.77121,                0.40983,                0.82149,                0.95829,                0.91918,                0.97487,                0.83194,                0.62742,                0.39841,                0.80478,                0.63333,                0.26163,                0.79166,              0.0035155,              0.0035155,              0.0035155
                    134,                0.71762,                0.46766,                  0.822,                0.77274,                0.40373,                0.81792,                0.97478,                0.93558,                0.98105,                0.83469,                0.62668,                0.39987,                0.80545,                0.62593,                0.25476,                0.79135,               0.003466,               0.003466,               0.003466
                    135,                0.70048,                0.46662,                 0.8192,                0.75296,                0.40285,                0.81534,                0.96841,                 0.9363,                0.98389,                0.83942,                 0.6147,                0.38389,                0.80377,                 0.6138,                0.24528,                0.79132,              0.0034165,              0.0034165,              0.0034165
                    136,                0.71186,                0.47239,                0.82467,                0.76838,                0.40382,                0.82123,                0.96973,                0.93203,                0.98255,                0.83007,                0.62905,                0.38718,                0.80422,                  0.639,                0.25244,                0.79152,               0.003367,               0.003367,               0.003367
                    137,                0.72284,                0.48247,                0.82044,                0.77003,                0.40365,                0.81386,                0.96287,                0.96376,                0.98547,                0.83132,                0.63676,                0.39365,                0.80574,                0.63721,                0.25042,                0.79262,              0.0033175,              0.0033175,              0.0033175
                    138,                0.70508,                0.46992,                 0.8137,                0.77028,                0.40553,                0.80956,                0.97592,                0.92812,                0.98229,                0.82518,                0.62697,                0.38683,                0.80474,                0.63094,                0.24949,                0.79173,               0.003268,               0.003268,               0.003268
                    139,                0.70906,                0.47855,                0.81491,                0.76716,                0.39734,                0.81266,                0.98553,                0.91679,                0.97764,                0.82927,                0.63525,                0.39076,                0.80459,                0.62962,                0.24798,                  0.793,              0.0032185,              0.0032185,              0.0032185
                    140,                0.70332,                 0.4613,                0.82042,                0.75343,                0.39502,                0.81726,                0.95946,                0.95921,                 0.9824,                0.83326,                0.62034,                0.37812,                0.80405,                0.61582,                 0.2413,                0.79127,               0.003169,               0.003169,               0.003169
                    141,                0.70886,                0.47202,                0.82475,                 0.7712,                0.39562,                0.82296,                0.95786,                 0.9538,                0.98306,                0.83441,                0.61564,                0.38158,                0.80387,                0.62029,                0.24787,                0.79172,              0.0031195,              0.0031195,              0.0031195
                    142,                0.71461,                0.47778,                0.81794,                0.76243,                0.40976,                 0.8145,                0.95231,                0.96632,                 0.9817,                0.83201,                0.61947,                0.38531,                0.80585,                0.63389,                0.25528,                0.79275,                0.00307,                0.00307,                0.00307
                    143,                0.70678,                0.47197,                0.82215,                0.77356,                0.40651,                 0.8187,                0.96527,                0.95876,                0.98318,                0.84417,                0.62227,                0.38129,                0.80388,                0.61082,                0.24452,                0.78985,              0.0030205,              0.0030205,              0.0030205
                    144,                0.69511,                0.46062,                0.81699,                0.74782,                0.38529,                0.81101,                 0.9459,                 0.9508,                0.97853,                0.82757,                0.63497,                0.39153,                0.80303,                0.63441,                0.25243,                0.78995,               0.002971,               0.002971,               0.002971
                    145,                0.70067,                0.45014,                0.81956,                0.75479,                0.37626,                0.81391,                0.96472,                0.94047,                0.98102,                0.83556,                 0.6132,                0.38243,                0.80184,                0.61226,                0.24005,                0.78988,              0.0029215,              0.0029215,              0.0029215
                    146,                 0.7015,                0.44702,                0.81403,                0.75054,                  0.371,                 0.8098,                0.93944,                0.97041,                0.98039,                0.83432,                0.61145,                0.37474,                0.80349,                0.60402,                0.24086,                0.79038,               0.002872,               0.002872,               0.002872
                    147,                0.69032,                0.46523,                0.81317,                0.73619,                0.38273,                0.80841,                0.95433,                0.95105,                 0.9801,                0.83928,                0.62432,                0.38879,                0.80366,                0.61737,                0.24519,                0.79061,              0.0028225,              0.0028225,              0.0028225
                    148,                0.69052,                0.44301,                0.82131,                0.74222,                0.36309,                0.81548,                0.96158,                 0.9534,                0.98635,                0.83751,                0.61259,                 0.3809,                 0.8035,                0.61882,                0.23733,                0.79088,               0.002773,               0.002773,               0.002773
                    149,                0.69054,                0.47756,                0.81837,                0.74247,                0.40121,                0.81625,                0.97415,                0.96527,                0.98756,                0.84479,                0.61861,                0.37994,                0.80256,                0.62394,                0.24044,                0.79054,              0.0027235,              0.0027235,              0.0027235
                    150,                0.69676,                0.46516,                0.81264,                0.75355,                0.38364,                0.81079,                0.97933,                0.95548,                0.98616,                0.84159,                0.60883,                0.37914,                0.80176,                0.61223,                0.23844,                0.78901,               0.002674,               0.002674,               0.002674
                    151,                0.68407,                0.44609,                0.81461,                 0.7384,                0.36708,                0.80923,                 0.9761,                0.92932,                0.97943,                0.82192,                0.61904,                0.37067,                 0.8031,                0.63266,                0.23846,                0.79072,              0.0026245,              0.0026245,              0.0026245
                    152,                0.69028,                 0.4506,                 0.8139,                0.74191,                0.37645,                0.80764,                0.97301,                0.94773,                0.98439,                0.83883,                0.60865,                0.37182,                0.80085,                0.61371,                0.23009,                0.78725,               0.002575,               0.002575,               0.002575
                    153,                0.69962,                0.45289,                0.81738,                0.75251,                0.38113,                0.81298,                0.96186,                0.94207,                0.98088,                0.84068,                0.61207,                0.37274,                0.80302,                0.60897,                0.23422,                0.79041,              0.0025255,              0.0025255,              0.0025255
                    154,                0.68068,                0.45004,                0.81289,                0.73035,                0.38333,                0.80952,                0.95354,                0.92589,                0.97719,                0.84082,                0.61415,                0.37529,                 0.8015,                0.61408,                 0.2301,                0.78813,               0.002476,               0.002476,               0.002476
                    155,                0.67721,                0.44423,                0.81582,                0.72112,                0.36385,                0.81214,                0.96906,                 0.9498,                0.98525,                0.83999,                0.60773,                0.37101,                0.80172,                0.61587,                 0.2345,                0.78821,              0.0024265,              0.0024265,              0.0024265
                    156,                 0.6951,                0.45112,                0.81602,                0.73643,                0.37518,                0.81145,                0.96719,                0.96929,                0.98532,                0.84958,                0.60581,                0.36885,                 0.8025,                0.60518,                0.22799,                0.78869,               0.002377,               0.002377,               0.002377
                    157,                0.68715,                0.44556,                0.81224,                0.74442,                 0.3708,                0.80781,                0.95191,                0.96857,                0.98531,                0.85329,                0.60511,                0.36869,                0.80149,                0.59491,                0.23124,                0.78793,              0.0023275,              0.0023275,              0.0023275
                    158,                0.67635,                 0.4451,                0.81589,                0.71896,                0.36746,                0.81011,                0.98378,                0.92627,                0.98479,                0.85462,                0.61143,                0.37312,                0.80023,                0.60516,                0.23249,                0.78687,               0.002278,               0.002278,               0.002278
                    159,                0.67498,                0.46108,                0.81568,                0.72588,                 0.3946,                0.81207,                0.96599,                0.94091,                0.98349,                 0.8494,                0.60062,                0.36739,                0.79991,                0.60297,                0.23081,                0.78564,              0.0022285,              0.0022285,              0.0022285
                    160,                 0.6762,                0.43894,                0.81386,                0.72005,                0.36119,                0.80936,                0.93368,                0.97505,                0.98461,                0.84002,                 0.6061,                0.36315,                 0.8023,                0.60548,                0.23451,                0.78817,               0.002179,               0.002179,               0.002179
                    161,                0.68811,                0.44484,                0.81424,                0.73693,                0.37073,                 0.8112,                 0.9639,                0.95557,                0.98111,                0.83178,                0.60545,                0.36174,                 0.7994,                0.62282,                0.23366,                0.78655,              0.0021295,              0.0021295,              0.0021295
                    162,                0.67447,                0.44972,                0.82003,                0.72761,                0.37834,                0.81859,                0.93916,                 0.9748,                0.98111,                0.83161,                0.61057,                0.37342,                 0.8008,                0.62329,                0.24515,                0.78832,                0.00208,                0.00208,                0.00208
                    163,                0.67345,                0.43865,                0.80863,                0.72496,                0.36255,                0.80528,                0.98668,                0.94658,                0.98796,                0.84338,                0.60824,                0.36686,                0.79992,                0.61358,                0.23437,                0.78617,              0.0020305,              0.0020305,              0.0020305
                    164,                 0.6778,                0.44661,                0.81514,                0.72878,                0.37439,                0.81268,                0.95205,                0.96208,                0.98639,                0.83831,                0.61589,                 0.3654,                0.80042,                0.61876,                0.23517,                 0.7885,               0.001981,               0.001981,               0.001981
                    165,                0.65994,                0.43714,                0.81052,                0.70494,                 0.3625,                0.80969,                0.97274,                0.94568,                0.98407,                0.85114,                 0.6048,                0.37114,                 0.7993,                0.59498,                 0.2285,                0.78653,              0.0019315,              0.0019315,              0.0019315
                    166,                0.67747,                0.44204,                0.80842,                0.73108,                0.36775,                0.80621,                 0.9899,                0.91957,                0.98037,                0.84768,                0.60072,                0.35913,                0.79897,                0.59376,                0.22983,                0.78555,               0.001882,               0.001882,               0.001882
                    167,                0.67463,                0.44089,                0.81265,                0.72556,                0.36029,                0.80727,                0.94682,                0.95743,                0.98484,                0.85637,                0.59088,                0.35941,                0.79835,                0.58428,                0.23002,                0.78459,              0.0018325,              0.0018325,              0.0018325
                    168,                0.67884,                0.43923,                0.81788,                0.71984,                0.36377,                0.81233,                0.98324,                0.95254,                0.98739,                0.85093,                0.59281,                0.36514,                0.79834,                0.58853,                0.23124,                0.78437,               0.001783,               0.001783,               0.001783
                    169,                0.66898,                0.44796,                0.81208,                0.71804,                0.36427,                0.80834,                0.96373,                0.95998,                0.98957,                0.84998,                0.59273,                0.35593,                0.79962,                0.59028,                0.22988,                0.78631,              0.0017335,              0.0017335,              0.0017335
                    170,                0.67401,                0.43811,                 0.8093,                0.72269,                0.36266,                0.80761,                0.92878,                0.98352,                0.98867,                 0.8381,                0.61059,                0.36443,                0.79982,                0.61488,                0.23075,                 0.7868,               0.001684,               0.001684,               0.001684
                    171,                0.67654,                0.43504,                0.80704,                0.72566,                0.36018,                0.80602,                0.93839,                0.98459,                0.98924,                0.85424,                0.59768,                0.36023,                0.79735,                 0.5944,                0.22648,                0.78536,              0.0016345,              0.0016345,              0.0016345
                    172,                0.65992,                0.42829,                0.80652,                  0.706,                0.34888,                0.80017,                 0.9651,                 0.9584,                0.98945,                0.85489,                0.59457,                0.35485,                0.79767,                0.59471,                0.22684,                0.78411,               0.001585,               0.001585,               0.001585
                    173,                0.65028,                0.43772,                0.81067,                0.70278,                0.36714,                0.80725,                0.95503,                0.97437,                0.99039,                0.85578,                 0.6016,                 0.3567,                0.80004,                0.59823,                0.22234,                0.78616,              0.0015355,              0.0015355,              0.0015355
                    174,                0.66945,                0.43121,                0.80921,                 0.7225,                0.35197,                0.80433,                0.96935,                0.93894,                0.98645,                0.83809,                0.62016,                0.37099,                0.80073,                0.62145,                0.22773,                0.78699,               0.001486,               0.001486,               0.001486
                    175,                0.66609,                0.43137,                0.81153,                0.71306,                0.35564,                0.80884,                0.96335,                0.97132,                0.98561,                0.84746,                0.59751,                0.36176,                0.79954,                0.59716,                0.22704,                0.78614,              0.0014365,              0.0014365,              0.0014365
                    176,                0.65815,                0.42165,                 0.8131,                0.71199,                0.34937,                0.80915,                0.94121,                0.96229,                0.98376,                0.84736,                0.60016,                0.36156,                0.79721,                0.60184,                0.22444,                0.78503,               0.001387,               0.001387,               0.001387
                    177,                 0.6599,                0.42329,                0.81145,                0.69766,                0.34381,                0.80387,                0.96605,                0.96854,                0.99096,                0.85222,                0.59614,                0.35439,                0.79858,                0.59748,                0.22142,                0.78482,              0.0013375,              0.0013375,              0.0013375
                    178,                0.65778,                0.42082,                0.81077,                0.69897,                 0.3388,                0.80509,                0.97526,                0.95932,                0.98541,                0.84523,                0.59876,                0.35625,                0.79785,                0.59495,                0.21416,                0.78509,               0.001288,               0.001288,               0.001288
                    179,                0.64975,                0.42517,                0.80751,                0.69941,                 0.3552,                0.80183,                 0.9705,                0.96398,                0.99111,                0.86207,                0.59273,                0.35489,                 0.7979,                0.58447,                0.22241,                 0.7841,              0.0012385,              0.0012385,              0.0012385
                    180,                0.65068,                 0.4404,                0.81236,                0.69329,                0.36317,                0.80768,                0.98017,                0.94767,                0.98458,                0.85697,                0.59501,                0.35859,                0.79764,                0.59415,                0.21953,                0.78426,               0.001189,               0.001189,               0.001189
                    181,                 0.6662,                 0.4374,                0.81038,                 0.7135,                0.35969,                 0.8059,                 0.9771,                0.97149,                0.99153,                0.86269,                0.59277,                0.35029,                0.79844,                0.58937,                0.22321,                0.78454,              0.0011395,              0.0011395,              0.0011395
                    182,                0.62506,                 0.4249,                0.80952,                0.67169,                0.34026,                0.80615,                0.96307,                0.96306,                0.99127,                0.85552,                 0.5908,                0.34662,                0.79791,                0.59088,                0.21658,                0.78429,                0.00109,                0.00109,                0.00109
                    183,                0.66582,                   0.43,                0.81295,                0.71052,                0.36279,                0.80599,                0.94588,                0.96535,                0.98942,                 0.8609,                0.59249,                 0.3539,                0.79683,                0.58782,                0.22776,                0.78291,              0.0010405,              0.0010405,              0.0010405
                    184,                0.65862,                 0.4156,                0.80301,                0.70502,                0.34334,                0.79929,                0.95661,                0.95385,                0.99018,                0.85837,                0.58754,                0.34841,                0.79773,                0.58822,                0.22489,                0.78435,               0.000991,               0.000991,               0.000991
                    185,                0.65181,                0.42377,                0.80994,                0.69082,                0.33472,                0.80656,                0.94884,                0.97925,                0.99007,                0.85929,                0.59379,                0.35241,                0.79645,                0.58788,                0.22897,                0.78254,              0.0009415,              0.0009415,              0.0009415
                    186,                0.64815,                0.41876,                0.81155,                0.69396,                0.34422,                0.80823,                0.96878,                0.96572,                0.99155,                0.85587,                0.58967,                0.34518,                0.79676,                0.58634,                0.22103,                0.78294,               0.000892,               0.000892,               0.000892
                    187,                0.65678,                0.43062,                0.80932,                0.70333,                0.35296,                 0.8043,                0.97739,                0.94607,                 0.9904,                 0.8572,                0.59531,                0.34575,                0.79691,                0.58634,                0.21658,                0.78333,              0.0008425,              0.0008425,              0.0008425
                    188,                0.65176,                0.42315,                0.81278,                0.69227,                0.34816,                 0.8051,                0.98038,                0.96428,                0.99052,                0.85303,                0.58862,                0.34558,                0.79723,                0.58602,                0.21677,                 0.7831,               0.000793,               0.000793,               0.000793
                    189,                 0.6567,                0.41981,                 0.8145,                0.70046,                0.34506,                0.81234,                0.96821,                0.95942,                0.99086,                0.85589,                0.58456,                 0.3471,                0.79685,                0.57857,                 0.2209,                0.78335,              0.0007435,              0.0007435,              0.0007435
                    190,                0.65656,                0.42881,                0.80288,                0.70427,                0.36418,                0.79763,                0.96921,                0.96421,                0.99022,                0.85241,                0.58931,                0.34446,                0.79726,                0.58274,                0.21624,                0.78384,               0.000694,               0.000694,               0.000694
                    191,                0.62203,                0.40833,                0.81284,                0.65664,                0.29866,                0.80338,                0.94727,                0.98246,                0.99104,                0.84686,                0.59921,                0.35717,                0.79703,                0.59825,                0.22363,                0.78362,              0.0006445,              0.0006445,              0.0006445
                    192,                0.62578,                0.41062,                0.81108,                0.64493,                0.29721,                0.79816,                0.97741,                0.96185,                0.99068,                0.84586,                 0.6049,                0.36221,                0.79789,                0.60012,                0.22275,                0.78405,               0.000595,               0.000595,               0.000595
                    193,                0.62366,                0.40446,                0.80294,                0.65408,                0.29332,                 0.7957,                0.96629,                0.95231,                 0.9885,                0.85032,                0.60408,                0.35361,                0.79765,                 0.6003,                0.21932,                0.78458,              0.0005455,              0.0005455,              0.0005455
                    194,                0.62302,                0.40001,                0.81271,                0.64698,                 0.2951,                0.80093,                0.95917,                0.94634,                0.98806,                0.84821,                0.59887,                0.35216,                0.79771,                0.59647,                0.22345,                0.78463,               0.000496,               0.000496,               0.000496
                    195,                0.60771,                 0.3973,                0.80702,                 0.6342,                0.28783,                0.79673,                0.95273,                0.95533,                0.98904,                0.85709,                 0.5916,                0.35005,                 0.7971,                 0.5881,                0.21997,                0.78285,              0.0004465,              0.0004465,              0.0004465
                    196,                0.61473,                0.39713,                0.81005,                 0.6376,                0.28302,                0.80062,                0.97946,                0.95172,                0.99002,                0.86094,                0.58699,                0.34898,                0.79664,                0.58311,                0.22141,                0.78312,               0.000397,               0.000397,               0.000397
                    197,                0.60846,                 0.3983,                0.80137,                0.63871,                0.28998,                0.79165,                 0.9677,                0.95771,                 0.9907,                 0.8527,                0.59184,                 0.3481,                0.79688,                0.59233,                0.22588,                0.78314,              0.0003475,              0.0003475,              0.0003475
                    198,                0.61083,                0.38598,                 0.8049,                0.63262,                0.28274,                0.79496,                0.97921,                0.95687,                0.98967,                 0.8457,                0.59366,                0.34932,                0.79668,                0.59789,                 0.2255,                 0.7837,               0.000298,               0.000298,               0.000298
                    199,                0.61408,                 0.3973,                0.79823,                0.63474,                0.27882,                 0.7895,                0.97132,                0.95949,                 0.9883,                0.84775,                0.59435,                0.34755,                0.79721,                0.59402,                0.22456,                0.78368,              0.0002485,              0.0002485,              0.0002485
                    200,                0.61517,                0.39524,                0.80724,                0.63516,                0.28699,                0.79716,                0.97223,                0.96157,                0.98926,                0.85792,                0.58584,                0.34615,                0.79671,                0.58548,                0.22075,                0.78293,               0.000199,               0.000199,               0.000199
